"competencia","data","ano","motivo","acumulado"
202108,2021-08-01,2021,"Exoneração",18288
202108,2021-08-01,2021,"Demissão",3934
202108,2021-08-01,2021,"Promoção",392
202108,2021-08-01,2021,"Readaptação",82
202108,2021-08-01,2021,"Aposentadoria",217636
202108,2021-08-01,2021,"Posse em cargo inacumulável",18942
202108,2021-08-01,2021,"Falecimento",17045
202109,2021-09-01,2021,"Exoneração",18404
202109,2021-09-01,2021,"Demissão",3959
202109,2021-09-01,2021,"Promoção",394
202109,2021-09-01,2021,"Readaptação",82
202109,2021-09-01,2021,"Aposentadoria",218005
202109,2021-09-01,2021,"Posse em cargo inacumulável",18975
202109,2021-09-01,2021,"Falecimento",17078
202110,2021-10-01,2021,"Exoneração",18494
202110,2021-10-01,2021,"Demissão",3971
202110,2021-10-01,2021,"Promoção",413
202110,2021-10-01,2021,"Readaptação",82
202110,2021-10-01,2021,"Aposentadoria",218374
202110,2021-10-01,2021,"Posse em cargo inacumulável",18992
202110,2021-10-01,2021,"Falecimento",17124
202111,2021-11-01,2021,"Exoneração",18555
202111,2021-11-01,2021,"Demissão",3983
202111,2021-11-01,2021,"Promoção",414
202111,2021-11-01,2021,"Readaptação",82
202111,2021-11-01,2021,"Aposentadoria",218689
202111,2021-11-01,2021,"Posse em cargo inacumulável",19008
202111,2021-11-01,2021,"Falecimento",17166
202112,2021-12-01,2021,"Exoneração",18653
202112,2021-12-01,2021,"Demissão",3992
202112,2021-12-01,2021,"Promoção",393
202112,2021-12-01,2021,"Readaptação",82
202112,2021-12-01,2021,"Aposentadoria",218900
202112,2021-12-01,2021,"Posse em cargo inacumulável",19085
202112,2021-12-01,2021,"Falecimento",17177
202201,2022-01-01,2022,"Exoneração",18713
202201,2022-01-01,2022,"Demissão",3903
202201,2022-01-01,2022,"Promoção",396
202201,2022-01-01,2022,"Readaptação",82
202201,2022-01-01,2022,"Aposentadoria",217327
202201,2022-01-01,2022,"Posse em cargo inacumulável",19169
202201,2022-01-01,2022,"Falecimento",17158
202202,2022-02-01,2022,"Exoneração",18761
202202,2022-02-01,2022,"Demissão",3920
202202,2022-02-01,2022,"Promoção",399
202202,2022-02-01,2022,"Readaptação",82
202202,2022-02-01,2022,"Aposentadoria",217355
202202,2022-02-01,2022,"Posse em cargo inacumulável",19247
202202,2022-02-01,2022,"Falecimento",17158
202203,2022-03-01,2022,"Exoneração",18928
202203,2022-03-01,2022,"Demissão",3944
202203,2022-03-01,2022,"Promoção",404
202203,2022-03-01,2022,"Readaptação",82
202203,2022-03-01,2022,"Aposentadoria",217925
202203,2022-03-01,2022,"Posse em cargo inacumulável",19337
202203,2022-03-01,2022,"Falecimento",17203
202204,2022-04-01,2022,"Exoneração",19089
202204,2022-04-01,2022,"Demissão",3958
202204,2022-04-01,2022,"Promoção",416
202204,2022-04-01,2022,"Readaptação",82
202204,2022-04-01,2022,"Aposentadoria",218510
202204,2022-04-01,2022,"Posse em cargo inacumulável",19429
202204,2022-04-01,2022,"Falecimento",17268
202205,2022-05-01,2022,"Exoneração",19209
202205,2022-05-01,2022,"Demissão",3961
202205,2022-05-01,2022,"Promoção",418
202205,2022-05-01,2022,"Readaptação",82
202205,2022-05-01,2022,"Aposentadoria",218936
202205,2022-05-01,2022,"Posse em cargo inacumulável",19468
202205,2022-05-01,2022,"Falecimento",17292
202206,2022-06-01,2022,"Exoneração",19327
202206,2022-06-01,2022,"Demissão",3971
202206,2022-06-01,2022,"Promoção",422
202206,2022-06-01,2022,"Readaptação",81
202206,2022-06-01,2022,"Aposentadoria",219137
202206,2022-06-01,2022,"Posse em cargo inacumulável",19367
202206,2022-06-01,2022,"Falecimento",17316
202207,2022-07-01,2022,"Exoneração",19373
202207,2022-07-01,2022,"Demissão",3958
202207,2022-07-01,2022,"Promoção",396
202207,2022-07-01,2022,"Readaptação",81
202207,2022-07-01,2022,"Aposentadoria",219219
202207,2022-07-01,2022,"Posse em cargo inacumulável",19459
202207,2022-07-01,2022,"Falecimento",17303
202208,2022-08-01,2022,"Exoneração",19399
202208,2022-08-01,2022,"Demissão",3923
202208,2022-08-01,2022,"Promoção",398
202208,2022-08-01,2022,"Readaptação",81
202208,2022-08-01,2022,"Aposentadoria",219156
202208,2022-08-01,2022,"Posse em cargo inacumulável",19634
202208,2022-08-01,2022,"Falecimento",17303
202209,2022-09-01,2022,"Exoneração",19457
202209,2022-09-01,2022,"Demissão",3923
202209,2022-09-01,2022,"Promoção",403
202209,2022-09-01,2022,"Readaptação",81
202209,2022-09-01,2022,"Aposentadoria",219314
202209,2022-09-01,2022,"Posse em cargo inacumulável",19710
202209,2022-09-01,2022,"Falecimento",17309
202210,2022-10-01,2022,"Exoneração",19460
202210,2022-10-01,2022,"Demissão",3893
202210,2022-10-01,2022,"Promoção",421
202210,2022-10-01,2022,"Readaptação",81
202210,2022-10-01,2022,"Aposentadoria",219242
202210,2022-10-01,2022,"Posse em cargo inacumulável",19631
202210,2022-10-01,2022,"Falecimento",17288
202211,2022-11-01,2022,"Exoneração",19502
202211,2022-11-01,2022,"Demissão",3867
202211,2022-11-01,2022,"Promoção",424
202211,2022-11-01,2022,"Readaptação",81
202211,2022-11-01,2022,"Aposentadoria",219398
202211,2022-11-01,2022,"Posse em cargo inacumulável",19702
202211,2022-11-01,2022,"Falecimento",17285
202212,2022-12-01,2022,"Exoneração",19665
202212,2022-12-01,2022,"Demissão",3909
202212,2022-12-01,2022,"Promoção",426
202212,2022-12-01,2022,"Readaptação",81
202212,2022-12-01,2022,"Aposentadoria",219820
202212,2022-12-01,2022,"Posse em cargo inacumulável",19823
202212,2022-12-01,2022,"Falecimento",17335
202301,2023-01-01,2023,"Exoneração",19746
202301,2023-01-01,2023,"Demissão",3936
202301,2023-01-01,2023,"Promoção",431
202301,2023-01-01,2023,"Readaptação",81
202301,2023-01-01,2023,"Aposentadoria",220195
202301,2023-01-01,2023,"Posse em cargo inacumulável",19834
202301,2023-01-01,2023,"Falecimento",17380
202302,2023-02-01,2023,"Exoneração",19842
202302,2023-02-01,2023,"Demissão",3947
202302,2023-02-01,2023,"Promoção",435
202302,2023-02-01,2023,"Readaptação",81
202302,2023-02-01,2023,"Aposentadoria",220414
202302,2023-02-01,2023,"Posse em cargo inacumulável",20009
202302,2023-02-01,2023,"Falecimento",17394
202303,2023-03-01,2023,"Exoneração",19939
202303,2023-03-01,2023,"Demissão",3909
202303,2023-03-01,2023,"Promoção",436
202303,2023-03-01,2023,"Readaptação",81
202303,2023-03-01,2023,"Aposentadoria",220552
202303,2023-03-01,2023,"Posse em cargo inacumulável",20128
202303,2023-03-01,2023,"Falecimento",17408
202304,2023-04-01,2023,"Exoneração",20006
202304,2023-04-01,2023,"Demissão",3928
202304,2023-04-01,2023,"Promoção",457
202304,2023-04-01,2023,"Readaptação",81
202304,2023-04-01,2023,"Aposentadoria",221054
202304,2023-04-01,2023,"Posse em cargo inacumulável",20198
202304,2023-04-01,2023,"Falecimento",17436
202305,2023-05-01,2023,"Exoneração",20016
202305,2023-05-01,2023,"Demissão",3910
202305,2023-05-01,2023,"Promoção",460
202305,2023-05-01,2023,"Readaptação",81
202305,2023-05-01,2023,"Aposentadoria",219649
202305,2023-05-01,2023,"Posse em cargo inacumulável",20258
202305,2023-05-01,2023,"Falecimento",17056
202306,2023-06-01,2023,"Exoneração",20115
202306,2023-06-01,2023,"Demissão",3930
202306,2023-06-01,2023,"Promoção",461
202306,2023-06-01,2023,"Readaptação",81
202306,2023-06-01,2023,"Aposentadoria",220125
202306,2023-06-01,2023,"Posse em cargo inacumulável",20448
202306,2023-06-01,2023,"Falecimento",17085
202307,2023-07-01,2023,"Exoneração",20156
202307,2023-07-01,2023,"Demissão",3950
202307,2023-07-01,2023,"Promoção",470
202307,2023-07-01,2023,"Readaptação",81
202307,2023-07-01,2023,"Aposentadoria",219405
202307,2023-07-01,2023,"Posse em cargo inacumulável",20591
202307,2023-07-01,2023,"Falecimento",17096
202308,2023-08-01,2023,"Exoneração",20228
202308,2023-08-01,2023,"Demissão",3972
202308,2023-08-01,2023,"Promoção",473
202308,2023-08-01,2023,"Readaptação",82
202308,2023-08-01,2023,"Aposentadoria",219040
202308,2023-08-01,2023,"Posse em cargo inacumulável",20691
202308,2023-08-01,2023,"Falecimento",17037
202309,2023-09-01,2023,"Exoneração",20259
202309,2023-09-01,2023,"Demissão",3954
202309,2023-09-01,2023,"Promoção",473
202309,2023-09-01,2023,"Readaptação",82
202309,2023-09-01,2023,"Aposentadoria",219647
202309,2023-09-01,2023,"Posse em cargo inacumulável",20748
202309,2023-09-01,2023,"Falecimento",17036
202310,2023-10-01,2023,"Exoneração",20178
202310,2023-10-01,2023,"Demissão",3936
202310,2023-10-01,2023,"Promoção",509
202310,2023-10-01,2023,"Readaptação",82
202310,2023-10-01,2023,"Aposentadoria",219390
202310,2023-10-01,2023,"Posse em cargo inacumulável",20677
202310,2023-10-01,2023,"Falecimento",17025
202311,2023-11-01,2023,"Exoneração",20175
202311,2023-11-01,2023,"Demissão",3967
202311,2023-11-01,2023,"Promoção",509
202311,2023-11-01,2023,"Readaptação",80
202311,2023-11-01,2023,"Aposentadoria",219029
202311,2023-11-01,2023,"Posse em cargo inacumulável",20755
202311,2023-11-01,2023,"Falecimento",17207
202312,2023-12-01,2023,"Exoneração",20225
202312,2023-12-01,2023,"Demissão",3977
202312,2023-12-01,2023,"Promoção",512
202312,2023-12-01,2023,"Readaptação",80
202312,2023-12-01,2023,"Aposentadoria",219266
202312,2023-12-01,2023,"Posse em cargo inacumulável",20855
202312,2023-12-01,2023,"Falecimento",17250
202401,2024-01-01,2024,"Exoneração",20249
202401,2024-01-01,2024,"Demissão",3971
202401,2024-01-01,2024,"Promoção",524
202401,2024-01-01,2024,"Readaptação",80
202401,2024-01-01,2024,"Aposentadoria",219439
202401,2024-01-01,2024,"Posse em cargo inacumulável",21015
202401,2024-01-01,2024,"Falecimento",17285
202402,2024-02-01,2024,"Exoneração",19746
202402,2024-02-01,2024,"Demissão",3955
202402,2024-02-01,2024,"Promoção",478
202402,2024-02-01,2024,"Readaptação",80
202402,2024-02-01,2024,"Aposentadoria",217351
202402,2024-02-01,2024,"Posse em cargo inacumulável",21095
202402,2024-02-01,2024,"Falecimento",16791
202403,2024-03-01,2024,"Exoneração",19795
202403,2024-03-01,2024,"Demissão",3968
202403,2024-03-01,2024,"Promoção",481
202403,2024-03-01,2024,"Readaptação",80
202403,2024-03-01,2024,"Aposentadoria",217676
202403,2024-03-01,2024,"Posse em cargo inacumulável",21175
202403,2024-03-01,2024,"Falecimento",16832
202404,2024-04-01,2024,"Exoneração",19823
202404,2024-04-01,2024,"Demissão",3963
202404,2024-04-01,2024,"Promoção",486
202404,2024-04-01,2024,"Readaptação",80
202404,2024-04-01,2024,"Aposentadoria",218412
202404,2024-04-01,2024,"Posse em cargo inacumulável",21152
202404,2024-04-01,2024,"Falecimento",16871
202405,2024-05-01,2024,"Exoneração",19846
202405,2024-05-01,2024,"Demissão",3913
202405,2024-05-01,2024,"Promoção",488
202405,2024-05-01,2024,"Readaptação",80
202405,2024-05-01,2024,"Aposentadoria",216791
202405,2024-05-01,2024,"Posse em cargo inacumulável",21282
202405,2024-05-01,2024,"Falecimento",16821
202406,2024-06-01,2024,"Exoneração",19862
202406,2024-06-01,2024,"Demissão",3922
202406,2024-06-01,2024,"Promoção",492
202406,2024-06-01,2024,"Readaptação",80
202406,2024-06-01,2024,"Aposentadoria",216502
202406,2024-06-01,2024,"Posse em cargo inacumulável",21260
202406,2024-06-01,2024,"Falecimento",16811
202407,2024-07-01,2024,"Exoneração",19891
202407,2024-07-01,2024,"Demissão",3932
202407,2024-07-01,2024,"Promoção",509
202407,2024-07-01,2024,"Readaptação",80
202407,2024-07-01,2024,"Aposentadoria",216697
202407,2024-07-01,2024,"Posse em cargo inacumulável",21364
202407,2024-07-01,2024,"Falecimento",16830
202408,2024-08-01,2024,"Exoneração",19950
202408,2024-08-01,2024,"Demissão",3943
202408,2024-08-01,2024,"Promoção",459
202408,2024-08-01,2024,"Readaptação",80
202408,2024-08-01,2024,"Aposentadoria",216963
202408,2024-08-01,2024,"Posse em cargo inacumulável",21452
202408,2024-08-01,2024,"Falecimento",16880
202409,2024-09-01,2024,"Exoneração",19919
202409,2024-09-01,2024,"Demissão",3947
202409,2024-09-01,2024,"Promoção",459
202409,2024-09-01,2024,"Readaptação",80
202409,2024-09-01,2024,"Aposentadoria",217026
202409,2024-09-01,2024,"Posse em cargo inacumulável",21584
202409,2024-09-01,2024,"Falecimento",16900
202410,2024-10-01,2024,"Exoneração",19932
202410,2024-10-01,2024,"Demissão",3955
202410,2024-10-01,2024,"Promoção",466
202410,2024-10-01,2024,"Readaptação",81
202410,2024-10-01,2024,"Aposentadoria",217267
202410,2024-10-01,2024,"Posse em cargo inacumulável",21560
202410,2024-10-01,2024,"Falecimento",16925
202411,2024-11-01,2024,"Exoneração",19968
202411,2024-11-01,2024,"Demissão",3963
202411,2024-11-01,2024,"Promoção",466
202411,2024-11-01,2024,"Readaptação",80
202411,2024-11-01,2024,"Aposentadoria",217502
202411,2024-11-01,2024,"Posse em cargo inacumulável",21577
202411,2024-11-01,2024,"Falecimento",16947
202412,2024-12-01,2024,"Exoneração",19922
202412,2024-12-01,2024,"Demissão",3970
202412,2024-12-01,2024,"Promoção",467
202412,2024-12-01,2024,"Readaptação",79
202412,2024-12-01,2024,"Aposentadoria",217384
202412,2024-12-01,2024,"Posse em cargo inacumulável",21548
202412,2024-12-01,2024,"Falecimento",16944
202501,2025-01-01,2025,"Exoneração",19942
202501,2025-01-01,2025,"Demissão",3991
202501,2025-01-01,2025,"Promoção",489
202501,2025-01-01,2025,"Readaptação",78
202501,2025-01-01,2025,"Aposentadoria",217507
202501,2025-01-01,2025,"Posse em cargo inacumulável",21589
202501,2025-01-01,2025,"Falecimento",16974
202502,2025-02-01,2025,"Exoneração",19893
202502,2025-02-01,2025,"Demissão",3956
202502,2025-02-01,2025,"Promoção",439
202502,2025-02-01,2025,"Readaptação",78
202502,2025-02-01,2025,"Aposentadoria",217032
202502,2025-02-01,2025,"Posse em cargo inacumulável",21661
202502,2025-02-01,2025,"Falecimento",16863
202503,2025-03-01,2025,"Exoneração",19932
202503,2025-03-01,2025,"Demissão",3971
202503,2025-03-01,2025,"Promoção",443
202503,2025-03-01,2025,"Readaptação",78
202503,2025-03-01,2025,"Aposentadoria",217258
202503,2025-03-01,2025,"Posse em cargo inacumulável",21711
202503,2025-03-01,2025,"Falecimento",16885
202508,2025-08-01,2025,"Exoneração",20813
202508,2025-08-01,2025,"Demissão",4046
202508,2025-08-01,2025,"Promoção",490
202508,2025-08-01,2025,"Readaptação",78
202508,2025-08-01,2025,"Aposentadoria",216083
202508,2025-08-01,2025,"Posse em cargo inacumulável",21940
202508,2025-08-01,2025,"Falecimento",16858
202509,2025-09-01,2025,"Exoneração",20746
202509,2025-09-01,2025,"Demissão",4049
202509,2025-09-01,2025,"Promoção",491
202509,2025-09-01,2025,"Readaptação",78
202509,2025-09-01,2025,"Aposentadoria",216147
202509,2025-09-01,2025,"Posse em cargo inacumulável",22027
202509,2025-09-01,2025,"Falecimento",16862
202510,2025-10-01,2025,"Exoneração",20710
202510,2025-10-01,2025,"Demissão",4055
202510,2025-10-01,2025,"Promoção",558
202510,2025-10-01,2025,"Readaptação",78
202510,2025-10-01,2025,"Aposentadoria",216151
202510,2025-10-01,2025,"Posse em cargo inacumulável",22201
202510,2025-10-01,2025,"Falecimento",16888
202511,2025-11-01,2025,"Exoneração",20704
202511,2025-11-01,2025,"Demissão",4058
202511,2025-11-01,2025,"Promoção",559
202511,2025-11-01,2025,"Readaptação",78
202511,2025-11-01,2025,"Aposentadoria",216278
202511,2025-11-01,2025,"Posse em cargo inacumulável",22251
202511,2025-11-01,2025,"Falecimento",16906
202512,2025-12-01,2025,"Exoneração",20725
202512,2025-12-01,2025,"Demissão",4072
202512,2025-12-01,2025,"Promoção",561
202512,2025-12-01,2025,"Readaptação",78
202512,2025-12-01,2025,"Aposentadoria",215615
202512,2025-12-01,2025,"Posse em cargo inacumulável",22594
202512,2025-12-01,2025,"Falecimento",16928
202601,2026-01-01,2026,"Exoneração",20663
202601,2026-01-01,2026,"Demissão",4068
202601,2026-01-01,2026,"Promoção",573
202601,2026-01-01,2026,"Readaptação",78
202601,2026-01-01,2026,"Aposentadoria",215152
202601,2026-01-01,2026,"Posse em cargo inacumulável",22715
202601,2026-01-01,2026,"Falecimento",16951
202602,2026-02-01,2026,"Exoneração",20652
202602,2026-02-01,2026,"Demissão",4074
202602,2026-02-01,2026,"Promoção",527
202602,2026-02-01,2026,"Readaptação",78
202602,2026-02-01,2026,"Aposentadoria",214739
202602,2026-02-01,2026,"Posse em cargo inacumulável",22894
202602,2026-02-01,2026,"Falecimento",16953
202603,2026-03-01,2026,"Exoneração",20677
202603,2026-03-01,2026,"Demissão",4084
202603,2026-03-01,2026,"Promoção",530
202603,2026-03-01,2026,"Readaptação",79
202603,2026-03-01,2026,"Aposentadoria",214829
202603,2026-03-01,2026,"Posse em cargo inacumulável",22983
202603,2026-03-01,2026,"Falecimento",16943
202604,2026-04-01,2026,"Exoneração",20662
202604,2026-04-01,2026,"Demissão",4098
202604,2026-04-01,2026,"Promoção",528
202604,2026-04-01,2026,"Readaptação",79
202604,2026-04-01,2026,"Aposentadoria",214702
202604,2026-04-01,2026,"Posse em cargo inacumulável",22999
202604,2026-04-01,2026,"Falecimento",16951
202605,2026-05-01,2026,"Exoneração",20672
202605,2026-05-01,2026,"Demissão",4099
202605,2026-05-01,2026,"Promoção",532
202605,2026-05-01,2026,"Readaptação",79
202605,2026-05-01,2026,"Aposentadoria",214061
202605,2026-05-01,2026,"Posse em cargo inacumulável",23067
202605,2026-05-01,2026,"Falecimento",16927
