"competencia","data","ano","mes","era","aprovada","distribuida","ocupada","vago","nunca_distribuido","vago_pos_distrib","taxa_vacancia","pct_fantasma"
201601,2016-01-01,2016,1,1,788584,697389,530805,257779,91195,166584,32.69,35.38
201602,2016-02-01,2016,2,1,788361,696917,530991,257370,91444,165926,32.65,35.53
201603,2016-03-01,2016,3,1,788208,697734,530732,257476,90474,167002,32.67,35.14
201604,2016-04-01,2016,4,1,788173,696303,530597,257576,91870,165706,32.68,35.67
201605,2016-05-01,2016,5,1,788102,696953,530220,257882,91149,166733,32.72,35.35
201606,2016-06-01,2016,6,1,788201,698575,530931,257270,89626,167644,32.64,34.84
201607,2016-07-01,2016,7,1,788108,699735,531029,257079,88373,168706,32.62,34.38
201608,2016-08-01,2016,8,1,788090,700630,531561,256529,87460,169069,32.55,34.09
201609,2016-09-01,2016,9,1,788106,701301,531474,256632,86805,169827,32.56,33.82
201610,2016-10-01,2016,10,1,788422,701566,531386,257036,86856,170180,32.6,33.79
201611,2016-11-01,2016,11,1,788611,702364,531741,256870,86247,170623,32.57,33.58
201612,2016-12-01,2016,12,1,789219,703502,532398,256821,85717,171104,32.54,33.38
201701,2017-01-01,2017,1,1,789717,703965,532561,257156,85752,171404,32.56,33.35
201702,2017-02-01,2017,2,1,791887,707201,534632,257255,84686,172569,32.49,32.92
201703,2017-03-01,2017,3,1,795029,708174,533950,261079,86855,174224,32.84,33.27
201704,2017-04-01,2017,4,1,795330,708819,533214,262116,86511,175605,32.96,33
201705,2017-05-01,2017,5,1,795445,709440,532628,262817,86005,176812,33.04,32.72
201706,2017-06-01,2017,6,1,795372,709855,531565,263807,85517,178290,33.17,32.42
201707,2017-07-01,2017,7,1,795240,709562,530580,264660,85678,178982,33.28,32.37
201708,2017-08-01,2017,8,1,794723,709388,530207,264516,85335,179181,33.28,32.26
201709,2017-09-01,2017,9,1,794703,709634,529573,265130,85069,180061,33.36,32.09
201710,2017-10-01,2017,10,1,794562,709755,529438,265124,84807,180317,33.37,31.99
201711,2017-11-01,2017,11,1,794560,709901,529077,265483,84659,180824,33.41,31.89
201712,2017-12-01,2017,12,1,794644,710301,529095,265549,84343,181206,33.42,31.76
201801,2018-01-01,2018,1,1,794587,710667,529236,265351,83920,181431,33.39,31.63
201802,2018-02-01,2018,2,1,794307,711761,529559,264748,82546,182202,33.33,31.18
201804,2018-04-01,2018,4,1,783292,703701,540011,243281,79591,163690,31.06,32.72
201805,2018-05-01,2018,5,1,785403,704008,538816,246587,81395,165192,31.4,33.01
201806,2018-06-01,2018,6,1,784417,703920,538112,246305,80497,165808,31.4,32.68
201807,2018-07-01,2018,7,1,784808,704464,537783,247025,80344,166681,31.48,32.52
201808,2018-08-01,2018,8,1,784773,705240,538195,246578,79533,167045,31.42,32.25
201809,2018-09-01,2018,9,1,784689,705522,538130,246559,79167,167392,31.42,32.11
201810,2018-10-01,2018,10,1,784665,705056,537723,246942,79609,167333,31.47,32.24
201811,2018-11-01,2018,11,1,784392,704595,537144,247248,79797,167451,31.52,32.27
201812,2018-12-01,2018,12,1,784199,703702,536547,247652,80497,167155,31.58,32.5
201901,2019-01-01,2019,1,1,783549,703276,534971,248578,80273,168305,31.72,32.29
201903,2019-03-01,2019,3,1,781229,701625,527953,253276,79604,173672,32.42,31.43
201904,2019-04-01,2019,4,1,776188,696574,524618,251570,79614,171956,32.41,31.65
201905,2019-05-01,2019,5,1,775380,696221,521598,253782,79159,174623,32.73,31.19
201906,2019-06-01,2019,6,1,762126,677792,519604,242522,84334,158188,31.82,34.77
201907,2019-07-01,2019,7,1,760241,675758,517252,242989,84483,158506,31.96,34.77
201908,2019-08-01,2019,8,1,757678,673280,514603,243075,84398,158677,32.08,34.72
201909,2019-09-01,2019,9,1,756778,672597,512346,244432,84181,160251,32.3,34.44
201910,2019-10-01,2019,10,1,755728,671403,509531,246197,84325,161872,32.58,34.25
201911,2019-11-01,2019,11,1,754852,670107,507301,247551,84745,162806,32.79,34.23
201912,2019-12-01,2019,12,1,754297,669662,506553,247744,84635,163109,32.84,34.16
202001,2020-01-01,2020,1,1,753763,667312,506985,246778,86451,160327,32.74,35.03
202002,2020-02-01,2020,2,1,753062,666949,506093,246969,86113,160856,32.8,34.87
202003,2020-03-01,2020,3,1,737376,653843,503778,233598,83533,150065,31.68,35.76
202004,2020-04-01,2020,4,1,736564,653037,501830,234734,83527,151207,31.87,35.58
202005,2020-05-01,2020,5,1,735908,652349,500298,235610,83559,152051,32.02,35.46
202006,2020-06-01,2020,6,1,735339,651791,499176,236163,83548,152615,32.12,35.38
202007,2020-07-01,2020,7,1,734839,651275,497999,236840,83564,153276,32.23,35.28
202008,2020-08-01,2020,8,1,734479,650984,496987,237492,83495,153997,32.33,35.16
202009,2020-09-01,2020,9,1,734069,650559,495933,238136,83510,154626,32.44,35.07
202010,2020-10-01,2020,10,1,733658,650255,495204,238454,83403,155051,32.5,34.98
202011,2020-11-01,2020,11,1,733319,649977,494991,238328,83342,154986,32.5,34.97
202012,2020-12-01,2020,12,1,733319,649977,494991,238328,83342,154986,32.5,34.97
202101,2021-01-01,2021,1,1,732671,649143,495106,237565,83528,154037,32.42,35.16
202102,2021-02-01,2021,2,1,732381,648817,494806,237575,83564,154011,32.44,35.17
202103,2021-03-01,2021,3,1,731968,648325,493582,238386,83643,154743,32.57,35.09
202104,2021-04-01,2021,4,1,731431,647733,492060,239371,83698,155673,32.73,34.97
202105,2021-05-01,2021,5,1,730961,647016,490746,240215,83945,156270,32.86,34.95
202106,2021-06-01,2021,6,1,730467,646218,489571,240896,84249,156647,32.98,34.97
202107,2021-07-01,2021,7,1,729961,645709,488549,241412,84252,157160,33.07,34.9
202108,2021-08-01,2021,8,2,729471,645192,487620,241851,84279,157572,33.15,34.85
202109,2021-09-01,2021,9,2,732660,644704,486492,246168,87956,158212,33.6,35.73
202110,2021-10-01,2021,10,2,732714,644439,485806,246908,88275,158633,33.7,35.75
202111,2021-11-01,2021,11,2,732409,644185,485078,247331,88224,159107,33.77,35.67
202112,2021-12-01,2021,12,2,732003,643866,484324,247679,88137,159542,33.84,35.59
202201,2022-01-01,2022,1,2,731677,643509,484528,247149,88168,158981,33.78,35.67
202202,2022-02-01,2022,2,2,731324,643190,485256,246068,88134,157934,33.65,35.82
202203,2022-03-01,2022,3,2,730911,642922,484262,246649,87989,158660,33.75,35.67
202204,2022-04-01,2022,4,2,730388,642481,483033,247355,87907,159448,33.87,35.54
202205,2022-05-01,2022,5,2,730029,642392,482308,247721,87637,160084,33.93,35.38
202206,2022-06-01,2022,6,2,729463,641842,481701,247762,87621,160141,33.96,35.36
202207,2022-07-01,2022,7,2,729032,642148,481572,247460,86884,160576,33.94,35.11
202208,2022-08-01,2022,8,2,728548,642161,481222,247326,86387,160939,33.95,34.93
202209,2022-09-01,2022,9,2,728063,641917,480656,247407,86146,161261,33.98,34.82
202210,2022-10-01,2022,10,2,727615,641678,480660,246955,85937,161018,33.94,34.8
202211,2022-11-01,2022,11,2,727162,641324,480101,247061,85838,161223,33.98,34.74
202212,2022-12-01,2022,12,2,727071,639874,479285,247786,87197,160589,34.08,35.19
202301,2023-01-01,2023,1,2,726663,639642,478438,248225,87021,161204,34.16,35.06
202302,2023-02-01,2023,2,2,726151,639377,477599,248552,86774,161778,34.23,34.91
202303,2023-03-01,2023,3,2,725713,639241,476945,248768,86472,162296,34.28,34.76
202304,2023-04-01,2023,4,2,725239,638684,475832,249407,86555,162852,34.39,34.7
202305,2023-05-01,2023,5,2,724753,635130,474854,249899,89623,160276,34.48,35.86
202306,2023-06-01,2023,6,2,724212,635661,473594,250618,88551,162067,34.61,35.33
202307,2023-07-01,2023,7,2,723821,635814,473781,250040,88007,162033,34.54,35.2
202308,2023-08-01,2023,8,2,723335,635372,472645,250690,87963,162727,34.66,35.09
202309,2023-09-01,2023,9,2,722887,635163,471976,250911,87724,163187,34.71,34.96
202310,2023-10-01,2023,10,2,722448,631763,471753,250695,90685,160010,34.7,36.17
202311,2023-11-01,2023,11,2,722074,618870,471273,250801,103204,147597,34.73,41.15
202312,2023-12-01,2023,12,2,721804,608880,470788,251016,112924,138092,34.78,44.99
202401,2024-01-01,2024,1,2,721629,608458,470946,250683,113171,137512,34.74,45.15
202402,2024-02-01,2024,2,2,714528,599333,470747,243781,115195,128586,34.12,47.25
202403,2024-03-01,2024,3,2,714159,599343,470127,244032,114816,129216,34.17,47.05
202404,2024-04-01,2024,4,2,713767,599397,469761,244006,114370,129636,34.19,46.87
202405,2024-05-01,2024,5,2,713953,590155,469301,244652,123798,120854,34.27,50.6
202406,2024-06-01,2024,6,2,713503,588763,468975,244528,124740,119788,34.27,51.01
202407,2024-07-01,2024,7,2,713190,588698,468453,244737,124492,120245,34.32,50.87
202408,2024-08-01,2024,8,2,712820,588626,468134,244686,124194,120492,34.33,50.76
202409,2024-09-01,2024,9,2,712443,588584,467976,244467,123859,120608,34.31,50.66
202410,2024-10-01,2024,10,2,711989,588237,467467,244522,123752,120770,34.34,50.61
202411,2024-11-01,2024,11,2,711455,584066,467072,244383,127389,116994,34.35,52.13
202412,2024-12-01,2024,12,2,711178,584018,466978,244200,127160,117040,34.34,52.07
202501,2025-01-01,2025,1,2,710918,583992,466708,244210,126926,117284,34.35,51.97
202502,2025-02-01,2025,2,2,710659,583976,466567,244092,126683,117409,34.35,51.9
202503,2025-03-01,2025,3,2,710304,583028,465989,244315,127276,117039,34.4,52.1
202508,2025-08-01,2025,8,2,702120,582439,465826,236294,119681,116613,33.65,50.65
202509,2025-09-01,2025,9,2,701705,582582,465838,235867,119123,116744,33.61,50.5
202510,2025-10-01,2025,10,2,701344,584810,466610,234734,116534,118200,33.47,49.65
202511,2025-11-01,2025,11,2,701012,584621,466567,234445,116391,118054,33.44,49.65
202512,2025-12-01,2025,12,2,700728,583926,466828,233900,116802,117098,33.38,49.94
202601,2026-01-01,2026,1,2,700570,584611,467434,233136,115959,117177,33.28,49.74
202602,2026-02-01,2026,2,2,700445,585122,468320,232125,115323,116802,33.14,49.68
202603,2026-03-01,2026,3,2,700141,584811,468116,232025,115330,116695,33.14,49.71
202604,2026-04-01,2026,4,2,700018,585281,467857,232161,114737,117424,33.17,49.42
202605,2026-05-01,2026,5,2,699858,583809,467971,231887,116049,115838,33.13,50.05
