"competencia","data","ano","nivel","aprovada","distribuida","ocupada","vago","nivel_nome","taxa_vacancia"
201601,2016-01-01,2016,"NA",21307,19699,18962,2345,"Nível de apoio",11.01
201601,2016-01-01,2016,"NI",345517,317298,228687,116830,"Nível intermediário",33.81
201601,2016-01-01,2016,"NM",1933,1393,887,1046,"Nível médio",54.11
201601,2016-01-01,2016,"NS",419827,358999,282269,137558,"Nível superior",32.77
201602,2016-02-01,2016,"NA",21231,19623,18895,2336,"Nível de apoio",11
201602,2016-02-01,2016,"NI",345371,317351,228251,117120,"Nível intermediário",33.91
201602,2016-02-01,2016,"NM",1933,1393,882,1051,"Nível médio",54.37
201602,2016-02-01,2016,"NS",419826,358550,282963,136863,"Nível superior",32.6
201603,2016-03-01,2016,"NA",21198,19590,18830,2368,"Nível de apoio",11.17
201603,2016-03-01,2016,"NI",345263,317541,227851,117412,"Nível intermediário",34.01
201603,2016-03-01,2016,"NM",1933,1393,878,1055,"Nível médio",54.58
201603,2016-03-01,2016,"NS",419814,359210,283173,136641,"Nível superior",32.55
201604,2016-04-01,2016,"NA",21219,19603,18827,2392,"Nível de apoio",11.27
201604,2016-04-01,2016,"NI",345195,315851,227353,117842,"Nível intermediário",34.14
201604,2016-04-01,2016,"NM",1933,1393,878,1055,"Nível médio",54.58
201604,2016-04-01,2016,"NS",419826,359456,283539,136287,"Nível superior",32.46
201605,2016-05-01,2016,"NA",21230,19614,18820,2410,"Nível de apoio",11.35
201605,2016-05-01,2016,"NI",345113,315880,226964,118149,"Nível intermediário",34.23
201605,2016-05-01,2016,"NM",1933,1393,878,1055,"Nível médio",54.58
201605,2016-05-01,2016,"NS",419826,360066,283558,136268,"Nível superior",32.46
201606,2016-06-01,2016,"NA",21319,19703,18889,2430,"Nível de apoio",11.4
201606,2016-06-01,2016,"NI",345003,315972,226563,118440,"Nível intermediário",34.33
201606,2016-06-01,2016,"NM",1933,1393,870,1063,"Nível médio",54.99
201606,2016-06-01,2016,"NS",419946,361507,284609,135337,"Nível superior",32.23
201607,2016-07-01,2016,"NA",21314,19701,18869,2445,"Nível de apoio",11.47
201607,2016-07-01,2016,"NI",344897,316007,226181,118716,"Nível intermediário",34.42
201607,2016-07-01,2016,"NM",1933,1393,860,1073,"Nível médio",55.51
201607,2016-07-01,2016,"NS",419964,362634,285119,134845,"Nível superior",32.11
201608,2016-08-01,2016,"NA",21407,19794,18946,2461,"Nível de apoio",11.5
201608,2016-08-01,2016,"NI",344775,316263,226192,118583,"Nível intermediário",34.39
201608,2016-08-01,2016,"NM",1933,1393,861,1072,"Nível médio",55.46
201608,2016-08-01,2016,"NS",419975,363180,285562,134413,"Nível superior",32.01
201609,2016-09-01,2016,"NA",21486,19870,19012,2474,"Nível de apoio",11.51
201609,2016-09-01,2016,"NI",344682,316298,225904,118778,"Nível intermediário",34.46
201609,2016-09-01,2016,"NM",1931,1391,854,1077,"Nível médio",55.77
201609,2016-09-01,2016,"NS",420007,363742,285704,134303,"Nível superior",31.98
201610,2016-10-01,2016,"NA",21513,19897,19022,2491,"Nível de apoio",11.58
201610,2016-10-01,2016,"NI",344726,316237,225783,118943,"Nível intermediário",34.5
201610,2016-10-01,2016,"NM",1973,1432,889,1084,"Nível médio",54.94
201610,2016-10-01,2016,"NS",420210,364000,285692,134518,"Nível superior",32.01
201611,2016-11-01,2016,"NA",21677,20061,19178,2499,"Nível de apoio",11.53
201611,2016-11-01,2016,"NI",344661,316394,225727,118934,"Nível intermediário",34.51
201611,2016-11-01,2016,"NM",2027,1486,937,1090,"Nível médio",53.77
201611,2016-11-01,2016,"NS",420246,364423,285899,134347,"Nível superior",31.97
201612,2016-12-01,2016,"NA",21726,20110,19216,2510,"Nível de apoio",11.55
201612,2016-12-01,2016,"NI",344861,316836,225952,118909,"Nível intermediário",34.48
201612,2016-12-01,2016,"NM",2175,1634,1083,1092,"Nível médio",50.21
201612,2016-12-01,2016,"NS",420457,364922,286147,134310,"Nível superior",31.94
201701,2017-01-01,2017,"NA",21788,20171,19266,2522,"Nível de apoio",11.58
201701,2017-01-01,2017,"NI",344993,316775,225921,119072,"Nível intermediário",34.51
201701,2017-01-01,2017,"NM",2212,1671,1119,1093,"Nível médio",49.41
201701,2017-01-01,2017,"NS",420724,365348,286255,134469,"Nível superior",31.96
201702,2017-02-01,2017,"NA",21847,20229,19305,2542,"Nível de apoio",11.64
201702,2017-02-01,2017,"NI",345320,317318,225629,119691,"Nível intermediário",34.66
201702,2017-02-01,2017,"NM",2232,2063,1468,764,"Nível médio",34.23
201702,2017-02-01,2017,"NS",422488,367591,288230,134258,"Nível superior",31.78
201703,2017-03-01,2017,"NA",21908,20289,19349,2559,"Nível de apoio",11.68
201703,2017-03-01,2017,"NI",346788,317409,224745,122043,"Nível intermediário",35.19
201703,2017-03-01,2017,"NM",2369,2202,1642,727,"Nível médio",30.69
201703,2017-03-01,2017,"NS",423964,368274,288214,135750,"Nível superior",32.02
201704,2017-04-01,2017,"NA",21915,20296,19330,2585,"Nível de apoio",11.8
201704,2017-04-01,2017,"NI",346867,317550,224246,122621,"Nível intermediário",35.35
201704,2017-04-01,2017,"NM",2489,2322,1763,726,"Nível médio",29.17
201704,2017-04-01,2017,"NS",424059,368651,287875,136184,"Nível superior",32.11
201705,2017-05-01,2017,"NA",21966,20347,19361,2605,"Nível de apoio",11.86
201705,2017-05-01,2017,"NI",346778,317500,223689,123089,"Nível intermediário",35.5
201705,2017-05-01,2017,"NM",2557,2390,1828,729,"Nível médio",28.51
201705,2017-05-01,2017,"NS",424144,369203,287750,136394,"Nível superior",32.16
201706,2017-06-01,2017,"NA",21974,20354,19335,2639,"Nível de apoio",12.01
201706,2017-06-01,2017,"NI",346572,317370,222945,123627,"Nível intermediário",35.67
201706,2017-06-01,2017,"NM",2652,2485,1928,724,"Nível médio",27.3
201706,2017-06-01,2017,"NS",424174,369646,287357,136817,"Nível superior",32.25
201707,2017-07-01,2017,"NA",21958,20338,19293,2665,"Nível de apoio",12.14
201707,2017-07-01,2017,"NI",346384,316593,222247,124137,"Nível intermediário",35.84
201707,2017-07-01,2017,"NM",2708,2541,1982,726,"Nível médio",26.81
201707,2017-07-01,2017,"NS",424190,370090,287058,137132,"Nível superior",32.33
201708,2017-08-01,2017,"NA",21930,20309,19274,2656,"Nível de apoio",12.11
201708,2017-08-01,2017,"NI",345832,316024,221686,124146,"Nível intermediário",35.9
201708,2017-08-01,2017,"NM",2760,2594,2029,731,"Nível médio",26.49
201708,2017-08-01,2017,"NS",424201,370461,287218,136983,"Nível superior",32.29
201709,2017-09-01,2017,"NA",21935,20314,19255,2680,"Nível de apoio",12.22
201709,2017-09-01,2017,"NI",345698,315916,221178,124520,"Nível intermediário",36.02
201709,2017-09-01,2017,"NM",2816,2650,2084,732,"Nível médio",25.99
201709,2017-09-01,2017,"NS",424254,370754,287056,137198,"Nível superior",32.34
201710,2017-10-01,2017,"NA",21906,20284,19212,2694,"Nível de apoio",12.3
201710,2017-10-01,2017,"NI",345577,315880,221070,124507,"Nível intermediário",36.03
201710,2017-10-01,2017,"NM",2816,2650,2082,734,"Nível médio",26.07
201710,2017-10-01,2017,"NS",424263,370941,287074,137189,"Nível superior",32.34
201711,2017-11-01,2017,"NA",21951,20329,19244,2707,"Nível de apoio",12.33
201711,2017-11-01,2017,"NI",345478,315902,220714,124764,"Nível intermediário",36.11
201711,2017-11-01,2017,"NM",2861,2696,2130,731,"Nível médio",25.55
201711,2017-11-01,2017,"NS",424270,370974,286989,137281,"Nível superior",32.36
201712,2017-12-01,2017,"NA",22013,20391,19296,2717,"Nível de apoio",12.34
201712,2017-12-01,2017,"NI",345397,315970,220563,124834,"Nível intermediário",36.14
201712,2017-12-01,2017,"NM",2920,2755,2188,732,"Nível médio",25.07
201712,2017-12-01,2017,"NS",424314,371185,287048,137266,"Nível superior",32.35
201801,2018-01-01,2018,"NA",22006,20383,19282,2724,"Nível de apoio",12.38
201801,2018-01-01,2018,"NI",345301,316041,220355,124946,"Nível intermediário",36.18
201801,2018-01-01,2018,"NM",2962,2798,2228,734,"Nível médio",24.78
201801,2018-01-01,2018,"NS",424318,371445,287371,136947,"Nível superior",32.27
201802,2018-02-01,2018,"NA",22046,20423,19313,2733,"Nível de apoio",12.4
201802,2018-02-01,2018,"NI",345150,316256,219755,125395,"Nível intermediário",36.33
201802,2018-02-01,2018,"NM",3014,2850,2280,734,"Nível médio",24.35
201802,2018-02-01,2018,"NS",424097,372232,288211,135886,"Nível superior",32.04
201804,2018-04-01,2018,"NA",20104,19503,19412,692,"Nível de apoio",3.44
201804,2018-04-01,2018,"NI",327411,301515,223589,103822,"Nível intermediário",31.71
201804,2018-04-01,2018,"NM",3351,3187,2340,1011,"Nível médio",30.17
201804,2018-04-01,2018,"NS",432426,379496,294670,137756,"Nível superior",31.86
201805,2018-05-01,2018,"NA",20225,19622,19464,761,"Nível de apoio",3.76
201805,2018-05-01,2018,"NI",327575,301401,222719,104856,"Nível intermediário",32.01
201805,2018-05-01,2018,"NM",3412,3249,2378,1034,"Nível médio",30.3
201805,2018-05-01,2018,"NS",434191,379736,294255,139936,"Nível superior",32.23
201806,2018-06-01,2018,"NA",20240,19636,19530,710,"Nível de apoio",3.51
201806,2018-06-01,2018,"NI",327301,301166,221944,105357,"Nível intermediário",32.19
201806,2018-06-01,2018,"NM",3421,3258,2408,1013,"Nível médio",29.61
201806,2018-06-01,2018,"NS",433455,379860,294230,139225,"Nível superior",32.12
201807,2018-07-01,2018,"NA",20507,19904,19620,887,"Nível de apoio",4.33
201807,2018-07-01,2018,"NI",327143,300996,221295,105848,"Nível intermediário",32.36
201807,2018-07-01,2018,"NM",3566,3403,2442,1124,"Nível médio",31.52
201807,2018-07-01,2018,"NS",433592,380161,294426,139166,"Nível superior",32.1
201808,2018-08-01,2018,"NA",20604,20000,19692,912,"Nível de apoio",4.43
201808,2018-08-01,2018,"NI",326900,300841,220693,106207,"Nível intermediário",32.49
201808,2018-08-01,2018,"NM",3613,3450,2477,1136,"Nível médio",31.44
201808,2018-08-01,2018,"NS",433656,380949,295333,138323,"Nível superior",31.9
201809,2018-09-01,2018,"NA",20676,20073,19766,910,"Nível de apoio",4.4
201809,2018-09-01,2018,"NI",326719,300665,220081,106638,"Nível intermediário",32.64
201809,2018-09-01,2018,"NM",3626,3463,2489,1137,"Nível médio",31.36
201809,2018-09-01,2018,"NS",433668,381321,295794,137874,"Nível superior",31.79
201810,2018-10-01,2018,"NA",20764,20160,19845,919,"Nível de apoio",4.43
201810,2018-10-01,2018,"NI",326579,300530,219601,106978,"Nível intermediário",32.76
201810,2018-10-01,2018,"NM",3637,3459,2497,1140,"Nível médio",31.34
201810,2018-10-01,2018,"NS",433685,380907,295780,137905,"Nível superior",31.8
201811,2018-11-01,2018,"NA",20719,20115,19895,824,"Nível de apoio",3.98
201811,2018-11-01,2018,"NI",326058,300037,219112,106946,"Nível intermediário",32.8
201811,2018-11-01,2018,"NM",3639,3461,2531,1108,"Nível médio",30.45
201811,2018-11-01,2018,"NS",433976,380982,295606,138370,"Nível superior",31.88
201812,2018-12-01,2018,"NA",20698,20091,19930,768,"Nível de apoio",3.71
201812,2018-12-01,2018,"NI",325901,299100,218662,107239,"Nível intermediário",32.91
201812,2018-12-01,2018,"NM",3637,3458,2600,1037,"Nível médio",28.51
201812,2018-12-01,2018,"NS",433963,381053,295355,138608,"Nível superior",31.94
201901,2019-01-01,2019,"NA",20646,20039,19893,753,"Nível de apoio",3.65
201901,2019-01-01,2019,"NI",325524,298693,217548,107976,"Nível intermediário",33.17
201901,2019-01-01,2019,"NM",3635,3456,2608,1027,"Nível médio",28.25
201901,2019-01-01,2019,"NS",433744,381088,294922,138822,"Nível superior",32.01
201903,2019-03-01,2019,"NA",20409,19802,19622,787,"Nível de apoio",3.86
201903,2019-03-01,2019,"NI",323630,296911,211755,111875,"Nível intermediário",34.57
201903,2019-03-01,2019,"NM",3631,3452,2604,1027,"Nível médio",28.28
201903,2019-03-01,2019,"NS",433559,381460,293972,139587,"Nível superior",32.2
201904,2019-04-01,2019,"NA",20296,19688,19492,804,"Nível de apoio",3.96
201904,2019-04-01,2019,"NI",318780,292050,209387,109393,"Nível intermediário",34.32
201904,2019-04-01,2019,"NM",3630,3451,2602,1028,"Nível médio",28.32
201904,2019-04-01,2019,"NS",433482,381385,293137,140345,"Nível superior",32.38
201905,2019-05-01,2019,"NA",20267,19560,19341,926,"Nível de apoio",4.57
201905,2019-05-01,2019,"NI",318031,291336,207143,110888,"Nível intermediário",34.87
201905,2019-05-01,2019,"NM",3619,3542,2585,1034,"Nível médio",28.57
201905,2019-05-01,2019,"NS",433452,381772,292529,140923,"Nível superior",32.51
201906,2019-06-01,2019,"NA",20219,19521,19210,1009,"Nível de apoio",4.99
201906,2019-06-01,2019,"NI",304900,276421,205226,99674,"Nível intermediário",32.69
201906,2019-06-01,2019,"NM",3261,2913,2333,928,"Nível médio",28.46
201906,2019-06-01,2019,"NS",433746,378937,292835,140911,"Nível superior",32.49
201907,2019-07-01,2019,"NA",20080,19382,19065,1015,"Nível de apoio",5.05
201907,2019-07-01,2019,"NI",303634,275039,203277,100357,"Nível intermediário",33.05
201907,2019-07-01,2019,"NM",3250,2901,2324,926,"Nível médio",28.49
201907,2019-07-01,2019,"NS",433277,378436,292586,140691,"Nível superior",32.47
201908,2019-08-01,2019,"NA",19987,19310,18987,1000,"Nível de apoio",5
201908,2019-08-01,2019,"NI",302284,273664,201198,101086,"Nível intermediário",33.44
201908,2019-08-01,2019,"NM",3142,2793,2216,926,"Nível médio",29.47
201908,2019-08-01,2019,"NS",432265,377513,292202,140063,"Nível superior",32.4
201909,2019-09-01,2019,"NA",19887,19224,18923,964,"Nível de apoio",4.85
201909,2019-09-01,2019,"NI",301554,272968,199318,102236,"Nível intermediário",33.9
201909,2019-09-01,2019,"NM",3008,2659,2138,870,"Nível médio",28.92
201909,2019-09-01,2019,"NS",432329,377746,291967,140362,"Nível superior",32.47
201910,2019-10-01,2019,"NA",19766,19103,18802,964,"Nível de apoio",4.88
201910,2019-10-01,2019,"NI",300753,271974,197331,103422,"Nível intermediário",34.39
201910,2019-10-01,2019,"NM",2878,2529,2010,868,"Nível médio",30.16
201910,2019-10-01,2019,"NS",432331,377797,291388,140943,"Nível superior",32.6
201911,2019-11-01,2019,"NA",19650,18987,18680,970,"Nível de apoio",4.94
201911,2019-11-01,2019,"NI",300092,271020,195592,104500,"Nível intermediário",34.82
201911,2019-11-01,2019,"NM",2762,2413,1891,871,"Nível médio",31.54
201911,2019-11-01,2019,"NS",432348,377687,291138,141210,"Nível superior",32.66
201912,2019-12-01,2019,"NA",19575,18912,18600,975,"Nível de apoio",4.98
201912,2019-12-01,2019,"NI",299661,270601,194498,105163,"Nível intermediário",35.09
201912,2019-12-01,2019,"NM",2747,2398,1878,869,"Nível médio",31.63
201912,2019-12-01,2019,"NS",432314,377751,291577,140737,"Nível superior",32.55
202001,2020-01-01,2020,"NA",19520,18853,18538,982,"Nível de apoio",5.03
202001,2020-01-01,2020,"NI",299251,270286,193673,105578,"Nível intermediário",35.28
202001,2020-01-01,2020,"NM",2718,2370,1844,874,"Nível médio",32.16
202001,2020-01-01,2020,"NS",432274,375803,292930,139344,"Nível superior",32.24
202002,2020-02-01,2020,"NA",19451,18787,18463,988,"Nível de apoio",5.08
202002,2020-02-01,2020,"NI",298818,269915,192709,106109,"Nível intermediário",35.51
202002,2020-02-01,2020,"NM",2702,2351,1824,878,"Nível médio",32.49
202002,2020-02-01,2020,"NS",432091,375896,293097,138994,"Nível superior",32.17
202003,2020-03-01,2020,"NA",18698,18634,18348,350,"Nível de apoio",1.87
202003,2020-03-01,2020,"NI",287628,259655,191209,96419,"Nível intermediário",33.52
202003,2020-03-01,2020,"NM",2426,2346,1822,604,"Nível médio",24.9
202003,2020-03-01,2020,"NS",428624,373208,292399,136225,"Nível superior",31.78
202004,2020-04-01,2020,"NA",18614,18550,18256,358,"Nível de apoio",1.92
202004,2020-04-01,2020,"NI",286941,258974,189873,97068,"Nível intermediário",33.83
202004,2020-04-01,2020,"NM",2423,2343,1817,606,"Nível médio",25.01
202004,2020-04-01,2020,"NS",428586,373170,291884,136702,"Nível superior",31.9
202005,2020-05-01,2020,"NA",18512,18445,18141,371,"Nível de apoio",2
202005,2020-05-01,2020,"NI",286447,258469,188899,97548,"Nível intermediário",34.05
202005,2020-05-01,2020,"NM",2419,2339,1813,606,"Nível médio",25.05
202005,2020-05-01,2020,"NS",428530,373096,291445,137085,"Nível superior",31.99
202006,2020-06-01,2020,"NA",18446,18382,18073,373,"Nível de apoio",2.02
202006,2020-06-01,2020,"NI",285983,258008,188084,97899,"Nível intermediário",34.23
202006,2020-06-01,2020,"NM",2421,2344,1814,607,"Nível médio",25.07
202006,2020-06-01,2020,"NS",428489,373057,291205,137284,"Nível superior",32.04
202007,2020-07-01,2020,"NA",18373,18307,17994,379,"Nível de apoio",2.06
202007,2020-07-01,2020,"NI",285586,257610,187329,98257,"Nível intermediário",34.41
202007,2020-07-01,2020,"NM",2418,2341,1807,611,"Nível médio",25.27
202007,2020-07-01,2020,"NS",428462,373017,290869,137593,"Nível superior",32.11
202008,2020-08-01,2020,"NA",18336,18331,17956,380,"Nível de apoio",2.07
202008,2020-08-01,2020,"NI",285258,257281,186665,98593,"Nível intermediário",34.56
202008,2020-08-01,2020,"NM",2440,2365,1833,607,"Nível médio",24.88
202008,2020-08-01,2020,"NS",428445,373007,290533,137912,"Nível superior",32.19
202009,2020-09-01,2020,"NA",18280,18275,17898,382,"Nível de apoio",2.09
202009,2020-09-01,2020,"NI",284922,256936,185972,98950,"Nível intermediário",34.73
202009,2020-09-01,2020,"NM",2466,2391,1857,609,"Nível médio",24.7
202009,2020-09-01,2020,"NS",428401,372957,290206,138195,"Nível superior",32.26
202010,2020-10-01,2020,"NA",18209,18204,17823,386,"Nível de apoio",2.12
202010,2020-10-01,2020,"NI",284603,256633,185419,99184,"Nível intermediário",34.85
202010,2020-10-01,2020,"NM",2469,2394,1861,608,"Nível médio",24.63
202010,2020-10-01,2020,"NS",428377,373024,290101,138276,"Nível superior",32.28
202011,2020-11-01,2020,"NA",18157,18149,17767,390,"Nível de apoio",2.15
202011,2020-11-01,2020,"NI",284340,256400,185005,99335,"Nível intermediário",34.94
202011,2020-11-01,2020,"NM",2469,2394,1856,613,"Nível médio",24.83
202011,2020-11-01,2020,"NS",428353,373034,290363,137990,"Nível superior",32.21
202012,2020-12-01,2020,"NA",18157,18149,17767,390,"Nível de apoio",2.15
202012,2020-12-01,2020,"NI",284340,256400,185005,99335,"Nível intermediário",34.94
202012,2020-12-01,2020,"NM",2469,2394,1856,613,"Nível médio",24.83
202012,2020-12-01,2020,"NS",428353,373034,290363,137990,"Nível superior",32.21
202101,2021-01-01,2021,"NA",18054,18047,17659,395,"Nível de apoio",2.19
202101,2021-01-01,2021,"NI",283861,255910,184269,99592,"Nível intermediário",35.08
202101,2021-01-01,2021,"NM",2505,2407,1859,646,"Nível médio",25.79
202101,2021-01-01,2021,"NS",428251,372779,291319,136932,"Nível superior",31.97
202102,2021-02-01,2021,"NA",18021,18013,17622,399,"Nível de apoio",2.21
202102,2021-02-01,2021,"NI",283621,255644,183904,99717,"Nível intermediário",35.16
202102,2021-02-01,2021,"NM",2517,2418,1868,649,"Nível médio",25.78
202102,2021-02-01,2021,"NS",428222,372742,291412,136810,"Nível superior",31.95
202103,2021-03-01,2021,"NA",17979,17972,17567,412,"Nível de apoio",2.29
202103,2021-03-01,2021,"NI",283252,255234,183170,100082,"Nível intermediário",35.33
202103,2021-03-01,2021,"NM",2514,2416,1858,656,"Nível médio",26.09
202103,2021-03-01,2021,"NS",428223,372703,290987,137236,"Nível superior",32.05
202104,2021-04-01,2021,"NA",17898,17888,17487,411,"Nível de apoio",2.3
202104,2021-04-01,2021,"NI",282837,254808,182297,100540,"Nível intermediário",35.55
202104,2021-04-01,2021,"NM",2509,2408,1852,657,"Nível médio",26.19
202104,2021-04-01,2021,"NS",428187,372629,290424,137763,"Nível superior",32.17
202105,2021-05-01,2021,"NA",17813,17806,17399,414,"Nível de apoio",2.32
202105,2021-05-01,2021,"NI",282492,254376,181561,100931,"Nível intermediário",35.73
202105,2021-05-01,2021,"NM",2508,2408,1851,657,"Nível médio",26.2
202105,2021-05-01,2021,"NS",428148,372426,289935,138213,"Nível superior",32.28
202106,2021-06-01,2021,"NA",17716,17707,17299,417,"Nível de apoio",2.35
202106,2021-06-01,2021,"NI",282140,253756,180859,101281,"Nível intermediário",35.9
202106,2021-06-01,2021,"NM",2505,2407,1848,657,"Nível médio",26.23
202106,2021-06-01,2021,"NS",428106,372348,289565,138541,"Nível superior",32.36
202107,2021-07-01,2021,"NA",17647,17637,17227,420,"Nível de apoio",2.38
202107,2021-07-01,2021,"NI",281769,253387,180243,101526,"Nível intermediário",36.03
202107,2021-07-01,2021,"NM",2476,2377,1817,659,"Nível médio",26.62
202107,2021-07-01,2021,"NS",428069,372308,289262,138807,"Nível superior",32.43
202108,2021-08-01,2021,"NA",17583,17574,17161,422,"Nível de apoio",2.4
202108,2021-08-01,2021,"NI",281439,253020,179620,101819,"Nível intermediário",36.18
202108,2021-08-01,2021,"NM",2468,2370,1805,663,"Nível médio",26.86
202108,2021-08-01,2021,"NS",427981,372228,289034,138947,"Nível superior",32.47
202109,2021-09-01,2021,"NA",17500,17491,17077,423,"Nível de apoio",2.42
202109,2021-09-01,2021,"NI",282515,252642,178865,103650,"Nível intermediário",36.69
202109,2021-09-01,2021,"NM",2413,2315,1749,664,"Nível médio",27.52
202109,2021-09-01,2021,"NS",430232,372256,288801,141431,"Nível superior",32.87
202110,2021-10-01,2021,"NA",17450,17441,17025,425,"Nível de apoio",2.44
202110,2021-10-01,2021,"NI",282427,252330,178265,104162,"Nível intermediário",36.88
202110,2021-10-01,2021,"NM",2401,2303,1737,664,"Nível médio",27.66
202110,2021-10-01,2021,"NS",430436,372365,288779,141657,"Nível superior",32.91
202111,2021-11-01,2021,"NA",17408,17399,16983,425,"Nível de apoio",2.44
202111,2021-11-01,2021,"NI",282207,252122,177791,104416,"Nível intermediário",37
202111,2021-11-01,2021,"NM",2399,2301,1728,671,"Nível médio",27.97
202111,2021-11-01,2021,"NS",430395,372363,288576,141819,"Nível superior",32.95
202112,2021-12-01,2021,"NA",17359,17350,16925,434,"Nível de apoio",2.5
202112,2021-12-01,2021,"NI",281897,251812,177147,104750,"Nível intermediário",37.16
202112,2021-12-01,2021,"NM",2402,2304,1731,671,"Nível médio",27.94
202112,2021-12-01,2021,"NS",430345,372400,288521,141824,"Nível superior",32.96
202201,2022-01-01,2022,"NA",17299,17289,16862,437,"Nível de apoio",2.53
202201,2022-01-01,2022,"NI",281685,251547,176480,105205,"Nível intermediário",37.35
202201,2022-01-01,2022,"NM",2403,2304,1721,682,"Nível médio",28.38
202201,2022-01-01,2022,"NS",430290,372369,289465,140825,"Nível superior",32.73
202202,2022-02-01,2022,"NA",17224,17207,16783,441,"Nível de apoio",2.56
202202,2022-02-01,2022,"NI",281468,251288,176101,105367,"Nível intermediário",37.43
202202,2022-02-01,2022,"NM",2404,2296,1711,693,"Nível médio",28.83
202202,2022-02-01,2022,"NS",430228,372399,290661,139567,"Nível superior",32.44
202203,2022-03-01,2022,"NA",17146,17138,16702,444,"Nível de apoio",2.59
202203,2022-03-01,2022,"NI",281173,251027,175402,105771,"Nível intermediário",37.62
202203,2022-03-01,2022,"NM",2400,2301,1706,694,"Nível médio",28.92
202203,2022-03-01,2022,"NS",430192,372456,290452,139740,"Nível superior",32.48
202204,2022-04-01,2022,"NA",17064,17056,16610,454,"Nível de apoio",2.66
202204,2022-04-01,2022,"NI",280783,250650,174583,106200,"Nível intermediário",37.82
202204,2022-04-01,2022,"NM",2401,2303,1704,697,"Nível médio",29.03
202204,2022-04-01,2022,"NS",430140,372472,290136,140004,"Nível superior",32.55
202205,2022-05-01,2022,"NA",16997,16986,16552,445,"Nível de apoio",2.62
202205,2022-05-01,2022,"NI",280521,250472,174097,106424,"Nível intermediário",37.94
202205,2022-05-01,2022,"NM",2399,2301,1711,688,"Nível médio",28.68
202205,2022-05-01,2022,"NS",430112,372633,289948,140164,"Nível superior",32.59
202206,2022-06-01,2022,"NA",16894,16886,16445,449,"Nível de apoio",2.66
202206,2022-06-01,2022,"NI",280111,249928,173176,106935,"Nível intermediário",38.18
202206,2022-06-01,2022,"NM",2398,2357,1939,459,"Nível médio",19.14
202206,2022-06-01,2022,"NS",430060,372671,290141,139919,"Nível superior",32.53
202207,2022-07-01,2022,"NA",16820,16806,16358,462,"Nível de apoio",2.75
202207,2022-07-01,2022,"NI",279786,249769,172609,107177,"Nível intermediário",38.31
202207,2022-07-01,2022,"NM",2394,2352,1996,398,"Nível médio",16.62
202207,2022-07-01,2022,"NS",430032,373221,290609,139423,"Nível superior",32.42
202208,2022-08-01,2022,"NA",16748,16736,16274,474,"Nível de apoio",2.83
202208,2022-08-01,2022,"NI",279413,249522,172026,107387,"Nível intermediário",38.43
202208,2022-08-01,2022,"NM",2393,2351,1998,395,"Nível médio",16.51
202208,2022-08-01,2022,"NS",429994,373552,290924,139070,"Nível superior",32.34
202209,2022-09-01,2022,"NA",16686,16667,16189,497,"Nível de apoio",2.98
202209,2022-09-01,2022,"NI",279026,249233,171486,107540,"Nível intermediário",38.54
202209,2022-09-01,2022,"NM",2409,2352,1998,411,"Nível médio",17.06
202209,2022-09-01,2022,"NS",429942,373665,290983,138959,"Nível superior",32.32
202210,2022-10-01,2022,"NA",16599,16581,16093,506,"Nível de apoio",3.05
202210,2022-10-01,2022,"NI",278720,248977,171058,107662,"Nível intermediário",38.63
202210,2022-10-01,2022,"NM",2412,2364,2004,408,"Nível médio",16.92
202210,2022-10-01,2022,"NS",429884,373756,291505,138379,"Nível superior",32.19
202211,2022-11-01,2022,"NA",16522,16485,15990,532,"Nível de apoio",3.22
202211,2022-11-01,2022,"NI",278434,248725,170482,107952,"Nível intermediário",38.77
202211,2022-11-01,2022,"NM",2412,2364,1996,416,"Nível médio",17.25
202211,2022-11-01,2022,"NS",429794,373750,291633,138161,"Nível superior",32.15
202212,2022-12-01,2022,"NA",16469,16438,15928,541,"Nível de apoio",3.28
202212,2022-12-01,2022,"NI",278420,248046,170012,108408,"Nível intermediário",38.94
202212,2022-12-01,2022,"NM",2406,2360,1991,415,"Nível médio",17.25
202212,2022-12-01,2022,"NS",429776,373030,291354,138422,"Nível superior",32.21
202301,2023-01-01,2023,"NA",16390,16358,15836,554,"Nível de apoio",3.38
202301,2023-01-01,2023,"NI",278166,247829,169453,108713,"Nível intermediário",39.08
202301,2023-01-01,2023,"NM",2309,2263,1895,414,"Nível médio",17.93
202301,2023-01-01,2023,"NS",429798,373192,291254,138544,"Nível superior",32.23
202302,2023-02-01,2023,"NA",16298,16265,15741,557,"Nível de apoio",3.42
202302,2023-02-01,2023,"NI",277859,247583,168701,109158,"Nível intermediário",39.29
202302,2023-02-01,2023,"NM",2184,2139,1764,420,"Nível médio",19.23
202302,2023-02-01,2023,"NS",429810,373390,291393,138417,"Nível superior",32.2
202303,2023-03-01,2023,"NA",16221,16188,15662,559,"Nível de apoio",3.45
202303,2023-03-01,2023,"NI",277571,247395,168222,109349,"Nível intermediário",39.39
202303,2023-03-01,2023,"NM",2140,2095,1721,419,"Nível médio",19.58
202303,2023-03-01,2023,"NS",429781,373563,291340,138441,"Nível superior",32.21
202304,2023-04-01,2023,"NA",16160,16125,15588,572,"Nível de apoio",3.54
202304,2023-04-01,2023,"NI",277201,246993,167516,109685,"Nível intermediário",39.57
202304,2023-04-01,2023,"NM",2133,2086,1701,432,"Nível médio",20.25
202304,2023-04-01,2023,"NS",429745,373480,291027,138718,"Nível superior",32.28
202305,2023-05-01,2023,"NA",16037,16003,15465,572,"Nível de apoio",3.57
202305,2023-05-01,2023,"NI",276943,243953,166917,110026,"Nível intermediário",39.73
202305,2023-05-01,2023,"NM",2103,2057,1670,433,"Nível médio",20.59
202305,2023-05-01,2023,"NS",429670,373117,290802,138868,"Nível superior",32.32
202306,2023-06-01,2023,"NA",15898,15863,15319,579,"Nível de apoio",3.64
202306,2023-06-01,2023,"NI",276713,244670,166297,110416,"Nível intermediário",39.9
202306,2023-06-01,2023,"NM",2066,2020,1630,436,"Nível médio",21.1
202306,2023-06-01,2023,"NS",429565,373138,290377,139188,"Nível superior",32.4
202307,2023-07-01,2023,"NA",15825,15785,15231,594,"Nível de apoio",3.75
202307,2023-07-01,2023,"NI",276816,245160,166979,109837,"Nível intermediário",39.68
202307,2023-07-01,2023,"NM",1895,1877,1513,382,"Nível médio",20.16
202307,2023-07-01,2023,"NS",429484,373160,290202,139282,"Nível superior",32.43
202308,2023-08-01,2023,"NA",15734,15688,15114,620,"Nível de apoio",3.94
202308,2023-08-01,2023,"NI",276482,244834,166270,110212,"Nível intermediário",39.86
202308,2023-08-01,2023,"NM",1895,1877,1509,386,"Nível médio",20.37
202308,2023-08-01,2023,"NS",429423,373137,289887,139536,"Nível superior",32.49
202309,2023-09-01,2023,"NA",15649,15600,15023,626,"Nível de apoio",4
202309,2023-09-01,2023,"NI",275791,244252,165443,110348,"Nível intermediário",40.01
202309,2023-09-01,2023,"NM",2311,2223,1786,525,"Nível médio",22.72
202309,2023-09-01,2023,"NS",429344,373261,289864,139480,"Nível superior",32.49
202310,2023-10-01,2023,"NA",15564,15509,14929,635,"Nível de apoio",4.08
202310,2023-10-01,2023,"NI",275528,243163,165188,110340,"Nível intermediário",40.05
202310,2023-10-01,2023,"NM",2325,2237,1793,532,"Nível médio",22.88
202310,2023-10-01,2023,"NS",429246,371034,289987,139259,"Nível superior",32.44
202311,2023-11-01,2023,"NA",15494,15439,14862,632,"Nível de apoio",4.08
202311,2023-11-01,2023,"NI",275293,242972,164746,110547,"Nível intermediário",40.16
202311,2023-11-01,2023,"NM",2331,2243,1806,525,"Nível médio",22.52
202311,2023-11-01,2023,"NS",429174,358399,290011,139163,"Nível superior",32.43
202312,2023-12-01,2023,"NA",15443,15388,14816,627,"Nível de apoio",4.06
202312,2023-12-01,2023,"NI",275056,242201,164398,110658,"Nível intermediário",40.23
202312,2023-12-01,2023,"NM",2359,2249,1817,542,"Nível médio",22.98
202312,2023-12-01,2023,"NS",429178,349228,289915,139263,"Nível superior",32.45
202401,2024-01-01,2024,"NA",15378,15320,14747,631,"Nível de apoio",4.1
202401,2024-01-01,2024,"NI",273782,241096,164026,109756,"Nível intermediário",40.09
202401,2024-01-01,2024,"NM",2363,2261,1810,553,"Nível médio",23.4
202401,2024-01-01,2024,"NS",430340,349973,290518,139822,"Nível superior",32.49
202402,2024-02-01,2024,"NA",15311,15254,14676,635,"Nível de apoio",4.15
202402,2024-02-01,2024,"NI",263099,232409,163629,99470,"Nível intermediário",37.81
202402,2024-02-01,2024,"NM",2367,2272,1826,541,"Nível médio",22.86
202402,2024-02-01,2024,"NS",433987,349595,290780,143207,"Nível superior",33
202403,2024-03-01,2024,"NA",15252,15197,14616,636,"Nível de apoio",4.17
202403,2024-03-01,2024,"NI",262864,232270,163164,99700,"Nível intermediário",37.93
202403,2024-03-01,2024,"NM",2389,2278,1832,557,"Nível médio",23.32
202403,2024-03-01,2024,"NS",433901,349798,290684,143217,"Nível superior",33.01
202404,2024-04-01,2024,"NA",15202,15147,14560,642,"Nível de apoio",4.22
202404,2024-04-01,2024,"NI",262601,232300,162955,99646,"Nível intermediário",37.95
202404,2024-04-01,2024,"NM",2391,2296,1842,549,"Nível médio",22.96
202404,2024-04-01,2024,"NS",433821,349863,290580,143241,"Nível superior",33.02
202405,2024-05-01,2024,"NA",15151,14701,14499,652,"Nível de apoio",4.3
202405,2024-05-01,2024,"NI",262315,226373,162736,99579,"Nível intermediário",37.96
202405,2024-05-01,2024,"NM",2399,2308,1848,551,"Nível médio",22.97
202405,2024-05-01,2024,"NS",434340,346988,290399,143941,"Nível superior",33.14
202406,2024-06-01,2024,"NA",14943,14493,14291,652,"Nível de apoio",4.36
202406,2024-06-01,2024,"NI",262131,225852,162197,99934,"Nível intermediário",38.12
202406,2024-06-01,2024,"NM",2401,2032,1830,571,"Nível médio",23.78
202406,2024-06-01,2024,"NS",434281,346601,290830,143451,"Nível superior",33.03
202407,2024-07-01,2024,"NA",14879,14425,14220,659,"Nível de apoio",4.43
202407,2024-07-01,2024,"NI",261958,225740,161790,100168,"Nível intermediário",38.24
202407,2024-07-01,2024,"NM",2381,2014,1805,576,"Nível médio",24.19
202407,2024-07-01,2024,"NS",434215,346725,290799,143416,"Nível superior",33.03
202408,2024-08-01,2024,"NA",14807,14356,14136,671,"Nível de apoio",4.53
202408,2024-08-01,2024,"NI",261737,225580,161483,100254,"Nível intermediário",38.3
202408,2024-08-01,2024,"NM",893,526,318,575,"Nível médio",64.39
202408,2024-08-01,2024,"NS",435622,348366,292355,143267,"Nível superior",32.89
202409,2024-09-01,2024,"NA",14720,14268,14046,674,"Nível de apoio",4.58
202409,2024-09-01,2024,"NI",261528,225413,161114,100414,"Nível intermediário",38.4
202409,2024-09-01,2024,"NM",769,402,300,469,"Nível médio",60.99
202409,2024-09-01,2024,"NS",435663,348701,292666,142997,"Nível superior",32.82
202410,2024-10-01,2024,"NA",14640,14188,13963,677,"Nível de apoio",4.62
202410,2024-10-01,2024,"NI",261265,225174,160763,100502,"Nível intermediário",38.47
202410,2024-10-01,2024,"NM",760,395,294,466,"Nível médio",61.32
202410,2024-10-01,2024,"NS",435556,348676,292594,142962,"Nível superior",32.82
202411,2024-11-01,2024,"NA",14582,14123,13895,687,"Nível de apoio",4.71
202411,2024-11-01,2024,"NI",260206,221082,160405,99801,"Nível intermediário",38.35
202411,2024-11-01,2024,"NM",752,381,282,470,"Nível médio",62.5
202411,2024-11-01,2024,"NS",436143,348669,292631,143512,"Nível superior",32.9
202412,2024-12-01,2024,"NA",14502,14040,13808,694,"Nível de apoio",4.79
202412,2024-12-01,2024,"NI",260043,220952,160158,99885,"Nível intermediário",38.41
202412,2024-12-01,2024,"NM",765,372,281,484,"Nível médio",63.27
202412,2024-12-01,2024,"NS",436102,348838,292871,143231,"Nível superior",32.84
202501,2025-01-01,2025,"NA",14466,14009,13761,705,"Nível de apoio",4.87
202501,2025-01-01,2025,"NI",259893,220833,159814,100079,"Nível intermediário",38.51
202501,2025-01-01,2025,"NM",764,391,278,486,"Nível médio",63.61
202501,2025-01-01,2025,"NS",436029,348953,292994,143035,"Nível superior",32.8
202502,2025-02-01,2025,"NA",14416,13959,13709,707,"Nível de apoio",4.9
202502,2025-02-01,2025,"NI",259745,220723,159541,100204,"Nível intermediário",38.58
202502,2025-02-01,2025,"NM",771,400,278,493,"Nível médio",63.94
202502,2025-02-01,2025,"NS",435965,349093,293178,142787,"Nível superior",32.75
202503,2025-03-01,2025,"NA",14365,13909,13656,709,"Nível de apoio",4.94
202503,2025-03-01,2025,"NI",259519,220160,159120,100399,"Nível intermediário",38.69
202503,2025-03-01,2025,"NM",759,398,280,479,"Nível médio",63.11
202503,2025-03-01,2025,"NS",435893,348759,293073,142820,"Nível superior",32.76
202508,2025-08-01,2025,"NA",14066,13613,13338,728,"Nível de apoio",5.18
202508,2025-08-01,2025,"NI",249037,215830,157023,92014,"Nível intermediário",36.95
202508,2025-08-01,2025,"NM",793,424,296,497,"Nível médio",62.67
202508,2025-08-01,2025,"NS",438473,352783,295317,143156,"Nível superior",32.65
202509,2025-09-01,2025,"NA",13981,13529,13261,720,"Nível de apoio",5.15
202509,2025-09-01,2025,"NI",248789,215626,156540,92249,"Nível intermediário",37.08
202509,2025-09-01,2025,"NM",799,428,300,499,"Nível médio",62.45
202509,2025-09-01,2025,"NS",438388,353212,295887,142501,"Nível superior",32.51
202510,2025-10-01,2025,"NA",13901,13451,13180,721,"Nível de apoio",5.19
202510,2025-10-01,2025,"NI",248562,215431,156016,92546,"Nível intermediário",37.23
202510,2025-10-01,2025,"NM",815,448,298,517,"Nível médio",63.44
202510,2025-10-01,2025,"NS",438326,355703,297265,141061,"Nível superior",32.18
202511,2025-11-01,2025,"NA",13836,13387,13112,724,"Nível de apoio",5.23
202511,2025-11-01,2025,"NI",248352,215255,155670,92682,"Nível intermediário",37.32
202511,2025-11-01,2025,"NM",821,456,296,525,"Nível médio",63.95
202511,2025-11-01,2025,"NS",438266,355750,297637,140629,"Nível superior",32.09
202512,2025-12-01,2025,"NA",13774,13326,13051,723,"Nível de apoio",5.25
202512,2025-12-01,2025,"NI",248165,214487,155153,93012,"Nível intermediário",37.48
202512,2025-12-01,2025,"NM",837,472,294,543,"Nível médio",64.87
202512,2025-12-01,2025,"NS",438223,355876,298477,139746,"Nível superior",31.89
202601,2026-01-01,2026,"NA",13722,13275,12998,724,"Nível de apoio",5.28
202601,2026-01-01,2026,"NI",248013,214348,154831,93182,"Nível intermediário",37.57
202601,2026-01-01,2026,"NM",841,476,294,547,"Nível médio",65.04
202601,2026-01-01,2026,"NS",438267,356749,299458,138809,"Nível superior",31.67
202602,2026-02-01,2026,"NA",13628,13182,12902,726,"Nível de apoio",5.33
202602,2026-02-01,2026,"NI",247956,214458,154862,93094,"Nível intermediário",37.54
202602,2026-02-01,2026,"NM",841,476,296,545,"Nível médio",64.8
202602,2026-02-01,2026,"NS",438293,357243,300408,137885,"Nível superior",31.46
202603,2026-03-01,2026,"NA",13576,13130,12848,728,"Nível de apoio",5.36
202603,2026-03-01,2026,"NI",247780,214300,154491,93289,"Nível intermediário",37.65
202603,2026-03-01,2026,"NM",839,476,296,543,"Nível médio",64.72
202603,2026-03-01,2026,"NS",438218,357142,300629,137589,"Nível superior",31.4
202604,2026-04-01,2026,"NA",13525,13079,12796,729,"Nível de apoio",5.39
202604,2026-04-01,2026,"NI",247602,214141,154149,93453,"Nível intermediário",37.74
202604,2026-04-01,2026,"NM",839,476,296,543,"Nível médio",64.72
202604,2026-04-01,2026,"NS",438324,357822,300764,137560,"Nível superior",31.38
202605,2026-05-01,2026,"NA",13478,13032,12749,729,"Nível de apoio",5.41
202605,2026-05-01,2026,"NI",247417,213867,153742,93675,"Nível intermediário",37.86
202605,2026-05-01,2026,"NM",837,474,292,545,"Nível médio",65.11
202605,2026-05-01,2026,"NS",438397,356672,301334,137063,"Nível superior",31.26
